
-- procesogh deberia estar en datos-basicas, pero sip_grupo lo requiere

INSERT INTO public.procesogh (id, nombre, observaciones, fechacreacion, fechadeshabilitacion, created_at, updated_at) VALUES (1, 'SIN INFORMACIÓN', NULL, '2018-04-24', NULL, '2018-04-24 00:00:00', '2018-04-24 00:00:00');
INSERT INTO public.procesogh (id, nombre, observaciones, fechacreacion, fechadeshabilitacion, created_at, updated_at) VALUES (2, 'APOYO', NULL, '2018-04-24', NULL, '2018-04-24 00:00:00', '2018-04-24 00:00:00');
INSERT INTO public.procesogh (id, nombre, observaciones, fechacreacion, fechadeshabilitacion, created_at, updated_at) VALUES (3, 'OPERATIVO', NULL, '2018-04-24', NULL, '2018-04-24 00:00:00', '2018-04-24 00:00:00');
INSERT INTO public.procesogh (id, nombre, observaciones, fechacreacion, fechadeshabilitacion, created_at, updated_at) VALUES (4, 'DIRECTIVO', NULL, '2018-04-24', NULL, '2018-04-24 00:00:00', '2018-04-24 00:00:00');


INSERT INTO public.sip_grupo (id, nombre, observaciones, fechacreacion, fechadeshabilitacion, created_at, updated_at, ultimasincldap, cn, "gidNumber", procesogh_id) VALUES (153, 'subgrupo ac', 'o', '2018-06-15', '2018-06-17', '2018-06-15 10:00:25.002886', '2018-06-18 02:25:11.601679', NULL, 'subgrupoac', NULL, 4);
INSERT INTO public.sip_grupo (id, nombre, observaciones, fechacreacion, fechadeshabilitacion, created_at, updated_at, ultimasincldap, cn, "gidNumber", procesogh_id) VALUES (127, 'GrupoSoloEnBase', 'No debe estar en LDAP sólo en base, pero al sincronizar no debe deshabilitarlo.', '2018-03-21', NULL, '2018-03-21 20:28:27.182939', '2018-03-21 20:28:27.182939', NULL, 'GrupoSoloEnBase', NULL, 2);
INSERT INTO public.sip_grupo (id, nombre, observaciones, fechacreacion, fechadeshabilitacion, created_at, updated_at, ultimasincldap, cn, "gidNumber", procesogh_id) VALUES (102, 'Externo', NULL, '2017-10-24', '2018-04-13', '2017-10-24 17:48:53.065649', '2018-04-13 20:53:02.605748', NULL, 'Externo', 508, 2);
INSERT INTO public.sip_grupo (id, nombre, observaciones, fechacreacion, fechadeshabilitacion, created_at, updated_at, ultimasincldap, cn, "gidNumber", procesogh_id) VALUES (101, 'Archivo y Correspondencia', '', '2017-10-24', NULL, '2017-10-24 17:48:52.959481', '2018-08-06 07:12:06.883349', '2018-08-06', 'ArchivoYCorrespondencia', 513, 2);
INSERT INTO public.sip_grupo (id, nombre, observaciones, fechacreacion, fechadeshabilitacion, created_at, updated_at, ultimasincldap, cn, "gidNumber", procesogh_id) VALUES (149, 'Coordinador(a) Línea Derechos Humanos y Derecho Internacional Humanitario', '', '2018-05-22', '2021-05-08', '2018-05-22 09:24:26.47145', '2018-06-06 11:03:23.631815', NULL, 'CoordinadorLíneaDerechosHumanosYDerechoInternacionalHumanitario', 544, 1);
INSERT INTO public.sip_grupo (id, nombre, observaciones, fechacreacion, fechadeshabilitacion, created_at, updated_at, ultimasincldap, cn, "gidNumber", procesogh_id) VALUES (136, 'Coordinador Línea Mediación y Reconciliació', NULL, '2018-04-06', '2021-05-08', '2018-04-06 12:48:05.686502', '2018-06-06 11:03:23.623224', NULL, 'CoordinadorLneaMediacinyReconciliaci', 538, 3);
INSERT INTO public.sip_grupo (id, nombre, observaciones, fechacreacion, fechadeshabilitacion, created_at, updated_at, ultimasincldap, cn, "gidNumber", procesogh_id) VALUES (141, 'Tutor Cultura de Paz y Ciudadanías', NULL, '2018-04-06', '2021-05-08', '2018-04-06 12:48:06.064166', '2018-06-06 11:03:23.640142', NULL, 'TutorCulturaDePazYCiudadanias', 532, 3);
INSERT INTO public.sip_grupo (id, nombre, observaciones, fechacreacion, fechadeshabilitacion, created_at, updated_at, ultimasincldap, cn, "gidNumber", procesogh_id) VALUES (1, 'Comunicaciones', '', '2017-04-18', NULL, '2017-04-18 13:55:55.980141', '2018-08-06 07:12:07.035099', '2018-08-06', 'Comunicaciones', 501, 2);
INSERT INTO public.sip_grupo (id, nombre, observaciones, fechacreacion, fechadeshabilitacion, created_at, updated_at, ultimasincldap, cn, "gidNumber", procesogh_id) VALUES (116, 'Línea Gestión del Territorio en el Pacífico', '', '2018-03-20', '2021-05-08', '2018-03-20 23:18:58.894288', '2018-08-15 21:28:05.256596', '2018-08-06', 'LineaGestionDelTerritorioEnElPacifico', 522, 3);
INSERT INTO public.sip_grupo (id, nombre, observaciones, fechacreacion, fechadeshabilitacion, created_at, updated_at, ultimasincldap, cn, "gidNumber", procesogh_id) VALUES (111, 'Línea Conflicto y Estado', '', '2018-03-20', '2021-05-08', '2018-03-20 23:18:58.833765', '2018-08-06 07:13:43.566003', '2018-08-06', 'LineaConflictoYEstado', 517, 3);
INSERT INTO public.sip_grupo (id, nombre, observaciones, fechacreacion, fechadeshabilitacion, created_at, updated_at, ultimasincldap, cn, "gidNumber", procesogh_id) VALUES (112, 'Línea Cultura de Paz y Ciudadanías', '', '2018-03-20', '2021-05-08', '2018-03-20 23:18:58.845587', '2018-08-06 07:13:43.584406', '2018-08-06', 'LineaCulturaDePazYCiudadanias', 518, 3);
INSERT INTO public.sip_grupo (id, nombre, observaciones, fechacreacion, fechadeshabilitacion, created_at, updated_at, ultimasincldap, cn, "gidNumber", procesogh_id) VALUES (113, 'Línea Derecho a la Tierra y al Territorio', '', '2018-03-20', '2021-05-08', '2018-03-20 23:18:58.85722', '2018-08-06 07:13:43.602805', '2018-08-06', 'LineaDerechoALaTierraYAlTerritorio', 519, 3);
INSERT INTO public.sip_grupo (id, nombre, observaciones, fechacreacion, fechadeshabilitacion, created_at, updated_at, ultimasincldap, cn, "gidNumber", procesogh_id) VALUES (60, 'Programa Conflicto, Estado y Paz', NULL, '2021-05-07', NULL, '2021-05-08 12:12:29.38061', '2021-05-08 12:12:29.380611', NULL, 'ProgramaConflictoEstadoYPaz', NULL, 3);
INSERT INTO public.sip_grupo (id, nombre, observaciones, fechacreacion, fechadeshabilitacion, created_at, updated_at, ultimasincldap, cn, "gidNumber", procesogh_id) VALUES (61, 'Coordinador(a) de Conflicto, Estado y Paz', NULL, '2021-05-07', NULL, '2021-05-08 12:12:29.427502', '2021-05-08 12:12:29.427503', NULL, 'CoordinadorConflictoEstadoYPaz', NULL, 3);
INSERT INTO public.sip_grupo (id, nombre, observaciones, fechacreacion, fechadeshabilitacion, created_at, updated_at, ultimasincldap, cn, "gidNumber", procesogh_id) VALUES (62, 'Línea Conflicto y Paz', NULL, '2021-05-07', NULL, '2021-05-08 12:12:29.441275', '2021-05-08 12:12:29.441276', NULL, 'LineaConflictoYPaz', NULL, 3);
INSERT INTO public.sip_grupo (id, nombre, observaciones, fechacreacion, fechadeshabilitacion, created_at, updated_at, ultimasincldap, cn, "gidNumber", procesogh_id) VALUES (63, 'Responsable de Conflicto y Paz', NULL, '2021-05-07', NULL, '2021-05-08 12:12:29.454348', '2021-05-08 12:12:29.454349', NULL, 'CoordinadorConflictoYPaz', NULL, 3);
INSERT INTO public.sip_grupo (id, nombre, observaciones, fechacreacion, fechadeshabilitacion, created_at, updated_at, ultimasincldap, cn, "gidNumber", procesogh_id) VALUES (152, 'ppp', NULL, '2018-06-06', NULL, '2018-06-06 11:03:22.774982', '2018-08-06 07:13:43.375509', '2018-08-06', 'ddd', 546, 1);
INSERT INTO public.sip_grupo (id, nombre, observaciones, fechacreacion, fechadeshabilitacion, created_at, updated_at, ultimasincldap, cn, "gidNumber", procesogh_id) VALUES (144, 'Desactivados', '', '2018-04-10', NULL, '2018-04-10 20:53:19.169926', '2018-08-06 07:13:43.40351', '2018-08-06', 'Desactivados', 541, 1);
INSERT INTO public.sip_grupo (id, nombre, observaciones, fechacreacion, fechadeshabilitacion, created_at, updated_at, ultimasincldap, cn, "gidNumber", procesogh_id) VALUES (4, 'Dirección', NULL, '2017-04-18', NULL, '2017-04-18 23:54:40.364225', '2018-08-06 07:13:43.42204', '2018-08-06', 'Direccion', 506, 4);
INSERT INTO public.sip_grupo (id, nombre, observaciones, fechacreacion, fechadeshabilitacion, created_at, updated_at, ultimasincldap, cn, "gidNumber", procesogh_id) VALUES (145, 'Externos', NULL, '2018-04-13', NULL, '2018-04-13 20:53:02.13016', '2018-08-06 07:13:43.439859', '2018-08-06', 'Externos', 508, 2);
INSERT INTO public.sip_grupo (id, nombre, observaciones, fechacreacion, fechadeshabilitacion, created_at, updated_at, ultimasincldap, cn, "gidNumber", procesogh_id) VALUES (9, 'Gerencia Administrativa y Financiera', '', '2017-04-18', NULL, '2017-04-18 23:54:40.391263', '2018-08-06 07:13:43.458731', '2018-08-06', 'GerenciaAdministrativaYFinanciera', 504, 2);
INSERT INTO public.sip_grupo (id, nombre, observaciones, fechacreacion, fechadeshabilitacion, created_at, updated_at, ultimasincldap, cn, "gidNumber", procesogh_id) VALUES (64, 'Línea Educación para la Ciudadanía y la Paz', NULL, '2021-05-07', NULL, '2021-05-08 12:12:29.466009', '2021-05-08 12:12:29.46601', NULL, 'LineaEducacionParaLaCiudadaniaYLaPaz', NULL, 3);
INSERT INTO public.sip_grupo (id, nombre, observaciones, fechacreacion, fechadeshabilitacion, created_at, updated_at, ultimasincldap, cn, "gidNumber", procesogh_id) VALUES (105, 'Gestión de Calidad', NULL, '2018-03-20', NULL, '2018-03-20 19:21:39.471829', '2018-08-06 07:13:43.516753', '2018-08-06', 'GestionDeCalidad', 515, 2);
INSERT INTO public.sip_grupo (id, nombre, observaciones, fechacreacion, fechadeshabilitacion, created_at, updated_at, ultimasincldap, cn, "gidNumber", procesogh_id) VALUES (103, 'Gestión Humana', NULL, '2017-10-24', NULL, '2017-10-24 17:48:53.086311', '2018-08-06 07:13:43.540612', '2018-08-06', 'GestionHumana', 514, 2);
INSERT INTO public.sip_grupo (id, nombre, observaciones, fechacreacion, fechadeshabilitacion, created_at, updated_at, ultimasincldap, cn, "gidNumber", procesogh_id) VALUES (65, 'Responsable de Educación para la Ciudadanía y la Paz', NULL, '2021-05-07', NULL, '2021-05-08 12:12:29.47769', '2021-05-08 12:12:29.477691', NULL, 'CoordinadorEducacionParaLaCiudadaniaYLaPaz', NULL, 3);
INSERT INTO public.sip_grupo (id, nombre, observaciones, fechacreacion, fechadeshabilitacion, created_at, updated_at, ultimasincldap, cn, "gidNumber", procesogh_id) VALUES (66, 'Línea Gestión del Territorio', NULL, '2021-05-07', NULL, '2021-05-08 12:12:29.489223', '2021-05-08 12:12:29.489225', NULL, 'LineaGestionDelTerritorio', NULL, 3);
INSERT INTO public.sip_grupo (id, nombre, observaciones, fechacreacion, fechadeshabilitacion, created_at, updated_at, ultimasincldap, cn, "gidNumber", procesogh_id) VALUES (146, 'aaa2', '', '2018-04-17', '2018-06-06', '2018-04-17 09:49:36.708012', '2018-08-06 07:14:37.200289', NULL, 'sss2', 541, 2);
INSERT INTO public.sip_grupo (id, nombre, observaciones, fechacreacion, fechadeshabilitacion, created_at, updated_at, ultimasincldap, cn, "gidNumber", procesogh_id) VALUES (154, 'ppp2', '', '2018-06-25', NULL, '2018-06-25 18:53:14.443904', '2018-08-06 07:14:45.502598', '2018-08-06', 'ppp2', 545, 1);
INSERT INTO public.sip_grupo (id, nombre, observaciones, fechacreacion, fechadeshabilitacion, created_at, updated_at, ultimasincldap, cn, "gidNumber", procesogh_id) VALUES (67, 'Responsable de Gestión del Territorio', NULL, '2021-05-07', NULL, '2021-05-08 12:12:29.500663', '2021-05-08 12:12:29.500664', NULL, 'CoordinadorGestionDelTerritorio', NULL, 3);
INSERT INTO public.sip_grupo (id, nombre, observaciones, fechacreacion, fechadeshabilitacion, created_at, updated_at, ultimasincldap, cn, "gidNumber", procesogh_id) VALUES (68, 'Programa Movilización, DDHH e Interculturalidad', NULL, '2021-05-07', NULL, '2021-05-08 12:12:29.512286', '2021-05-08 12:12:29.512287', NULL, 'ProgramaMovilizacionDDHHEInterculturalidad', NULL, 3);
INSERT INTO public.sip_grupo (id, nombre, observaciones, fechacreacion, fechadeshabilitacion, created_at, updated_at, ultimasincldap, cn, "gidNumber", procesogh_id) VALUES (69, 'Coordinador(a) de Movilización, DDHH e Interculturalidad', NULL, '2021-05-07', NULL, '2021-05-08 12:12:29.523791', '2021-05-08 12:12:29.523792', NULL, 'CoordinadorMovilizacionDDHHEInterculturalidad', NULL, 3);
INSERT INTO public.sip_grupo (id, nombre, observaciones, fechacreacion, fechadeshabilitacion, created_at, updated_at, ultimasincldap, cn, "gidNumber", procesogh_id) VALUES (70, 'Línea Movimientos Sociales, Tierra y Territorio', NULL, '2021-05-07', NULL, '2021-05-08 12:12:29.535693', '2021-05-08 12:12:29.535694', NULL, 'LineaMovimientosSocialesTierraYTerritorio', NULL, 3);
INSERT INTO public.sip_grupo (id, nombre, observaciones, fechacreacion, fechadeshabilitacion, created_at, updated_at, ultimasincldap, cn, "gidNumber", procesogh_id) VALUES (10, 'Gerencia de Proyectos', '', '2017-04-18', NULL, '2017-04-18 23:54:40.396591', '2018-08-15 13:10:04.452123', '2018-08-15', 'GerenciaDeProyectos', 509, 2);
INSERT INTO public.sip_grupo (id, nombre, observaciones, fechacreacion, fechadeshabilitacion, created_at, updated_at, ultimasincldap, cn, "gidNumber", procesogh_id) VALUES (71, 'Responsable de Movimientos Sociales, Tierra y Territorio', NULL, '2021-05-07', NULL, '2021-05-08 12:12:29.547741', '2021-05-08 12:12:29.547742', NULL, 'CoordinadorMovimientosSocialesTierraYTerritorio', NULL, 3);
INSERT INTO public.sip_grupo (id, nombre, observaciones, fechacreacion, fechadeshabilitacion, created_at, updated_at, ultimasincldap, cn, "gidNumber", procesogh_id) VALUES (138, 'OficinaTI', NULL, '2018-04-06', NULL, '2018-04-06 12:48:05.950069', '2018-10-25 09:50:53.360225', '2018-10-25', 'OficinaTI', 510, 2);
INSERT INTO public.sip_grupo (id, nombre, observaciones, fechacreacion, fechadeshabilitacion, created_at, updated_at, ultimasincldap, cn, "gidNumber", procesogh_id) VALUES (11, 'Sistema de Información General', '', '2017-04-18', NULL, '2017-04-18 23:54:40.401891', '2018-10-25 09:50:53.376991', '2018-10-25', 'SistemaDeInformacionGeneral', 507, 2);
INSERT INTO public.sip_grupo (id, nombre, observaciones, fechacreacion, fechadeshabilitacion, created_at, updated_at, ultimasincldap, cn, "gidNumber", procesogh_id) VALUES (2, 'Usuarios', '', '2017-04-18', NULL, '2017-04-18 13:55:55.996093', '2018-10-25 09:50:53.542276', '2018-10-25', 'Usuarios', 500, 1);
INSERT INTO public.sip_grupo (id, nombre, observaciones, fechacreacion, fechadeshabilitacion, created_at, updated_at, ultimasincldap, cn, "gidNumber", procesogh_id) VALUES (157, 'STCIV_CINEP', '', '2020-08-11', NULL, '2020-08-11 23:57:22.224929', '2020-08-12 00:00:06.613839', NULL, 'stciv_cinep', NULL, 2);
INSERT INTO public.sip_grupo (id, nombre, observaciones, fechacreacion, fechadeshabilitacion, created_at, updated_at, ultimasincldap, cn, "gidNumber", procesogh_id) VALUES (156, 'STCIV', NULL, '2020-08-07', NULL, '2020-08-07 15:26:54.173912', '2020-08-12 00:00:06.662646', NULL, 'stciv', NULL, 1);
INSERT INTO public.sip_grupo (id, nombre, observaciones, fechacreacion, fechadeshabilitacion, created_at, updated_at, ultimasincldap, cn, "gidNumber", procesogh_id) VALUES (72, 'Línea Interculturalidad', NULL, '2021-05-07', NULL, '2021-05-08 12:12:29.569992', '2021-05-08 12:12:29.569993', NULL, 'LineaInterculturalidad', NULL, 3);
INSERT INTO public.sip_grupo (id, nombre, observaciones, fechacreacion, fechadeshabilitacion, created_at, updated_at, ultimasincldap, cn, "gidNumber", procesogh_id) VALUES (73, 'Responsable de Interculturalidad', NULL, '2021-05-07', NULL, '2021-05-08 12:12:29.582016', '2021-05-08 12:12:29.582017', NULL, 'CoordinadorInterculturalidad', NULL, 3);
INSERT INTO public.sip_grupo (id, nombre, observaciones, fechacreacion, fechadeshabilitacion, created_at, updated_at, ultimasincldap, cn, "gidNumber", procesogh_id) VALUES (74, 'Línea Derechos Humanos y Violencia Política', NULL, '2021-05-07', NULL, '2021-05-08 12:12:29.593356', '2021-05-08 12:12:29.593357', NULL, 'LineaDerechosHumanosYViolenciaPolitica', NULL, 3);
INSERT INTO public.sip_grupo (id, nombre, observaciones, fechacreacion, fechadeshabilitacion, created_at, updated_at, ultimasincldap, cn, "gidNumber", procesogh_id) VALUES (75, 'Responsable de Derechos Humanos y Violencia Política', NULL, '2021-05-07', NULL, '2021-05-08 12:12:29.604787', '2021-05-08 12:12:29.604788', NULL, 'CoordinadorDerechosHumanosYViolenciaPolitica', NULL, 3);
INSERT INTO public.sip_grupo (id, nombre, observaciones, fechacreacion, fechadeshabilitacion, created_at, updated_at, ultimasincldap, cn, "gidNumber", procesogh_id) VALUES (114, 'Línea Educación Intercultural', NULL, '2018-03-20', '2021-05-08', '2018-03-20 23:18:58.869357', '2018-08-06 07:13:43.642884', '2018-08-06', 'LineaEducacionIntercultural', 520, 3);
INSERT INTO public.sip_grupo (id, nombre, observaciones, fechacreacion, fechadeshabilitacion, created_at, updated_at, ultimasincldap, cn, "gidNumber", procesogh_id) VALUES (115, 'Línea Escuela de Paz y Convivencia Ciudadana', NULL, '2018-03-20', '2021-05-08', '2018-03-20 23:18:58.88165', '2018-08-06 07:13:43.658421', '2018-08-06', 'LineaEscuelaDePazYConvivenciaCiudadana', 521, 3);
INSERT INTO public.sip_grupo (id, nombre, observaciones, fechacreacion, fechadeshabilitacion, created_at, updated_at, ultimasincldap, cn, "gidNumber", procesogh_id) VALUES (134, 'Coordinador(a) Gestión del Territorio en el Pacífico', '', '2018-04-06', '2021-05-08', '2018-04-06 12:48:05.664379', '2018-08-15 21:36:18.954812', '2018-08-06', 'CoordinadorGestionDelTerritorioEnElPacifico', 536, 3);
INSERT INTO public.sip_grupo (id, nombre, observaciones, fechacreacion, fechadeshabilitacion, created_at, updated_at, ultimasincldap, cn, "gidNumber", procesogh_id) VALUES (117, 'Línea Iniciativas de Paz', NULL, '2018-03-20', '2021-05-08', '2018-03-20 23:18:58.907035', '2018-08-06 07:13:43.688159', '2018-08-06', 'LineaIniciativasDePaz', 523, 3);
INSERT INTO public.sip_grupo (id, nombre, observaciones, fechacreacion, fechadeshabilitacion, created_at, updated_at, ultimasincldap, cn, "gidNumber", procesogh_id) VALUES (118, 'Línea Mediación y Reconciliación', NULL, '2018-03-20', '2021-05-08', '2018-03-20 23:18:58.918948', '2018-08-06 07:13:43.702607', '2018-08-06', 'LineaMediacionYReconciliacion', 524, 3);
INSERT INTO public.sip_grupo (id, nombre, observaciones, fechacreacion, fechadeshabilitacion, created_at, updated_at, ultimasincldap, cn, "gidNumber", procesogh_id) VALUES (119, 'Línea Movimientos Sociales', '', '2018-03-20', '2021-05-08', '2018-03-20 23:18:58.930966', '2018-08-06 07:13:43.720141', '2018-08-06', 'LineaMovimientosSociales', 525, 3);
INSERT INTO public.sip_grupo (id, nombre, observaciones, fechacreacion, fechadeshabilitacion, created_at, updated_at, ultimasincldap, cn, "gidNumber", procesogh_id) VALUES (140, 'Tutor Ciudadanías e Iniciativas de Paz y Reconciliación', NULL, '2018-04-06', '2021-05-08', '2018-04-06 12:48:06.039353', '2018-08-06 07:14:45.537533', '2018-08-06', 'TutorCiudadaniasEIniciativasDePazYReconciliacion', 528, 3);
INSERT INTO public.sip_grupo (id, nombre, observaciones, fechacreacion, fechadeshabilitacion, created_at, updated_at, ultimasincldap, cn, "gidNumber", procesogh_id) VALUES (128, 'Tutor Conflicto Estado y Desarrollo', '', '2018-04-03', '2021-05-08', '2018-04-03 10:36:43.966722', '2018-08-06 07:14:45.553326', '2018-08-06', 'TutorConflictoEstadoYDesarrollo', 528, 3);
INSERT INTO public.sip_grupo (id, nombre, observaciones, fechacreacion, fechadeshabilitacion, created_at, updated_at, ultimasincldap, cn, "gidNumber", procesogh_id) VALUES (142, 'Tutor Derechos Humanos y Derecho Internacional Humanitario', NULL, '2018-04-06', '2021-05-08', '2018-04-06 12:48:06.075222', '2018-08-06 07:14:45.567728', '2018-08-06', 'TutorDerechosHumanosYDerechoInternacionalHumanitario', 529, 3);
INSERT INTO public.sip_grupo (id, nombre, observaciones, fechacreacion, fechadeshabilitacion, created_at, updated_at, ultimasincldap, cn, "gidNumber", procesogh_id) VALUES (143, 'Tutor Movilización, Territorio e Interculturalidad', NULL, '2018-04-06', '2021-05-08', '2018-04-06 12:48:06.08617', '2018-08-06 07:14:45.583691', '2018-08-06', 'TutorMovilizacionTerritorioEInterculturalidad', 530, 3);
INSERT INTO public.sip_grupo (id, nombre, observaciones, fechacreacion, fechadeshabilitacion, created_at, updated_at, ultimasincldap, cn, "gidNumber", procesogh_id) VALUES (148, 'Línea Derechos Humanos y Derecho Internacional Humanitario', '', '2018-05-22', '2021-05-08', '2018-05-22 09:23:24.7192', '2018-10-25 09:50:53.298587', '2018-10-25', 'LineaDerechosHumanosYDerechoInternacionalHumanitario', 543, 3);
INSERT INTO public.sip_grupo (id, nombre, observaciones, fechacreacion, fechadeshabilitacion, created_at, updated_at, ultimasincldap, cn, "gidNumber", procesogh_id) VALUES (120, 'Área Ciudadanías e Iniciativas de Paz y Reconciliación', '', '2018-03-21', '2021-05-08', '2018-03-21 09:55:56.845269', '2018-08-06 07:12:06.926344', '2018-08-06', 'AreaCiudadaniasEIniciativasDePazYReconciliacion', 502, 3);
INSERT INTO public.sip_grupo (id, nombre, observaciones, fechacreacion, fechadeshabilitacion, created_at, updated_at, ultimasincldap, cn, "gidNumber", procesogh_id) VALUES (121, 'Área Conflicto, Estado y Desarrollo', '', '2018-03-21', '2021-05-08', '2018-03-21 09:55:56.898039', '2018-08-06 07:12:06.960376', '2018-08-06', 'AreaConflictoEstadoYDesarrollo', 511, 3);
INSERT INTO public.sip_grupo (id, nombre, observaciones, fechacreacion, fechadeshabilitacion, created_at, updated_at, ultimasincldap, cn, "gidNumber", procesogh_id) VALUES (122, 'Área Derechos Humanos y Derecho Internacional Humanitario', '', '2018-03-21', '2021-05-08', '2018-03-21 09:55:56.924698', '2018-08-06 07:12:06.987734', '2018-08-06', 'AreaDerechosHumanosYDerechoInternacionalHumanitario', 503, 3);
INSERT INTO public.sip_grupo (id, nombre, observaciones, fechacreacion, fechadeshabilitacion, created_at, updated_at, ultimasincldap, cn, "gidNumber", procesogh_id) VALUES (123, 'Área Movilización, Territorio e Interculturalidad', '', '2018-03-21', '2021-05-08', '2018-03-21 09:55:57.018273', '2018-08-06 07:12:07.01612', '2018-08-06', 'AreaMovilizacionTerritorioEInterculturalidad', 516, 3);
INSERT INTO public.sip_grupo (id, nombre, observaciones, fechacreacion, fechadeshabilitacion, created_at, updated_at, ultimasincldap, cn, "gidNumber", procesogh_id) VALUES (129, 'Coordinador(a) Conflicto y Estado', NULL, '2018-04-06', '2021-05-08', '2018-04-06 12:48:05.583583', '2018-08-06 07:12:07.053561', '2018-08-06', 'CoordinadorConflictoYEstado', 531, 3);
INSERT INTO public.sip_grupo (id, nombre, observaciones, fechacreacion, fechadeshabilitacion, created_at, updated_at, ultimasincldap, cn, "gidNumber", procesogh_id) VALUES (155, 'Coordinador(a) Cultura de Paz y Ciudadanías', '', '2018-06-25', '2021-05-08', '2018-06-25 18:55:26.389145', '2018-08-06 07:12:07.068922', '2018-08-06', 'CoordinadorCulturaDePazYCiudadanias', 547, 3);
INSERT INTO public.sip_grupo (id, nombre, observaciones, fechacreacion, fechadeshabilitacion, created_at, updated_at, ultimasincldap, cn, "gidNumber", procesogh_id) VALUES (137, 'Coordinador(a) Movimientos Sociales', '', '2018-04-06', '2021-05-08', '2018-04-06 12:48:05.697361', '2018-08-15 21:48:26.009874', '2018-08-06', 'CoordinadorMovimientosSociales', 539, 3);
INSERT INTO public.sip_grupo (id, nombre, observaciones, fechacreacion, fechadeshabilitacion, created_at, updated_at, ultimasincldap, cn, "gidNumber", procesogh_id) VALUES (150, 'Coordinador(a) Derechos Humanos y Derecho Internacional Humanitario', NULL, '2018-06-06', '2021-05-08', '2018-06-06 11:03:22.472787', '2018-08-06 07:12:07.099847', '2018-08-06', 'CoordinadorDerechosHumanosYDerechoInternacionalHumanitario', 544, 1);
INSERT INTO public.sip_grupo (id, nombre, observaciones, fechacreacion, fechadeshabilitacion, created_at, updated_at, ultimasincldap, cn, "gidNumber", procesogh_id) VALUES (131, 'Coordinador(a) Educación Intercultural', NULL, '2018-04-06', '2021-05-08', '2018-04-06 12:48:05.630343', '2018-08-06 07:12:07.116838', '2018-08-06', 'CoordinadorEducacionIntercultural', 534, 3);
INSERT INTO public.sip_grupo (id, nombre, observaciones, fechacreacion, fechadeshabilitacion, created_at, updated_at, ultimasincldap, cn, "gidNumber", procesogh_id) VALUES (132, 'Coordinador(a) Escuela de Paz y Convivencia Ciudadana', NULL, '2018-04-06', '2021-05-08', '2018-04-06 12:48:05.642235', '2018-08-06 07:12:07.132424', '2018-08-06', 'CoordinadorEscuelaDePazYConvivenciaCiudadana', 535, 3);
INSERT INTO public.sip_grupo (id, nombre, observaciones, fechacreacion, fechadeshabilitacion, created_at, updated_at, ultimasincldap, cn, "gidNumber", procesogh_id) VALUES (147, 'Coordinador(a) Gerencia Administrativa y Financiera', '', '2018-04-25', '2021-05-08', '2018-04-25 09:50:27.211514', '2018-08-06 07:12:07.149972', '2018-08-06', 'CoordinadorGerenciaAdministrativaYFinanciera', 542, 4);
INSERT INTO public.sip_grupo (id, nombre, observaciones, fechacreacion, fechadeshabilitacion, created_at, updated_at, ultimasincldap, cn, "gidNumber", procesogh_id) VALUES (133, 'Coordinador(a) Gerencia de Proyectos', NULL, '2018-04-06', '2021-05-08', '2018-04-06 12:48:05.653328', '2018-08-06 07:12:07.165644', '2018-08-06', 'CoordinadorGerenciaDeProyectos', 540, 4);
INSERT INTO public.sip_grupo (id, nombre, observaciones, fechacreacion, fechadeshabilitacion, created_at, updated_at, ultimasincldap, cn, "gidNumber", procesogh_id) VALUES (130, 'Coordinador(a) Derecho a la Tierra y al Territorio', '', '2018-04-06', '2021-05-08', '2018-04-06 12:48:05.619245', '2018-08-15 21:48:01.706046', '2018-08-06', 'CoordinadorDerechoALaTierraYAlTerritorio', 533, 3);
INSERT INTO public.sip_grupo (id, nombre, observaciones, fechacreacion, fechadeshabilitacion, created_at, updated_at, ultimasincldap, cn, "gidNumber", procesogh_id) VALUES (135, 'Coordinador(a) Iniciativas de Paz', NULL, '2018-04-06', '2021-05-08', '2018-04-06 12:48:05.675441', '2018-08-06 07:12:07.220732', '2018-08-06', 'CoordinadorIniciativasDePaz', 537, 3);
INSERT INTO public.sip_grupo (id, nombre, observaciones, fechacreacion, fechadeshabilitacion, created_at, updated_at, ultimasincldap, cn, "gidNumber", procesogh_id) VALUES (151, 'Coordinador(a) Línea Mediación y Reconciliació', NULL, '2018-06-06', '2021-05-08', '2018-06-06 11:03:22.736804', '2018-08-06 07:12:07.23718', '2018-08-06', 'CoordinadorMediacionYReconciliacion', 538, 1);



INSERT INTO public.cor1440_gen_proyectofinanciero (id, nombre, fechainicio,
  fechacierre, referencia, referenciacinep, fechaformulacion, dificultad,
  estado, monto, anotacionesdb) VALUES
  (21, 'PLAN TRIENAL 2021-2023', '2021-01-01',
      '2023-12-31', 'PLAN TRIENAL 2021-2023',
      'PLAN TRIENAL 2021-2023', '2020-10-10', 'M',  
      'J', 0, 'El CINEP/PPP, desde una opción preferencial por los excluidos, contribuye a la generación de condiciones para: (1) Un cierre histórico de brechas. (2) La ampliación de la democracia y la construcción de ciudadanías, en el marco de la implementación efectiva de los acuerdos y procesos de paz, desde un enfoque no polarizado de los conflictos que contribuyen en la reconciliación y la exigibilidad de derechos con enfoque diferenciado y de género. (3) Construir conocimiento de alta calidad científica orientado a la promoción de la paz, el diálogo democrático e intercultural y la protección de los derechos humanos por medio de investigaciones básicas aplicadas sobre las dinámicas territoriales y temporales de la violencia política; las interacciones entre movimientos sociales y de Estado en la red de conflictos sociales e injusticias que las motivan. Lo mismo que las brechas entre los diseños nacionales de las políticas de paz y su implementación efectiva en realidades territoriales y culturales que expresan una gran diversidad.');
      INSERT INTO public.cor1440_gen_objetivopf (id, proyectofinanciero_id, numero, objetivo) VALUES (35, 21, 'O1.', 'Los pueblos indígenas, afrodescendientes y campesinos de las comunidades rurales, fortalecidos en su capacidad de diálogo intercultural con otras organizaciones de la sociedad, exigen ante la institucionalidad pública la protección, respeto y goce de los derechos a la tierra, territorio, medio ambiente sano y educación rural. ');
      INSERT INTO public.cor1440_gen_objetivopf (id, proyectofinanciero_id, numero, objetivo) VALUES (36, 21, 'O2.', 'Víctimas de violencias basadas en género y de otras violaciones de DDHH contribuyen a la construcción y salvaguarda de memoria y la garantía de sus derechos para la  superación de la impunidad. ''');
      INSERT INTO public.cor1440_gen_objetivopf (id, proyectofinanciero_id, numero, objetivo) VALUES (37, 21, 'O3.', 'Organizaciones sociales, el sector privado y la institucionalidad estatal interactúan para la implementación de disposiciones del Acuerdo de Paz (acceso a la tierra, promoción de la agricultura campesina familiar y comunitaria y garantía de la seguridad humana y derechos sociales). ');
      INSERT INTO public.cor1440_gen_objetivopf (id, proyectofinanciero_id, numero, objetivo) VALUES (38, 21, 'O4.', 'Investigar, analizar y evaluar las dinámicas de cambio y continuidad de la violencia política/criminal y de los patrones observados en las violaciones a los derechos humanos, que evidencian la persistencia de las tendencias de privatización de la violencia, a pesar de los acuerdos de desmovilización que ha experimentado Colombia.');
      INSERT INTO public.cor1440_gen_objetivopf (id, proyectofinanciero_id, numero, objetivo) VALUES (39, 21, 'O5.', 'Investigar, evaluar y realizar un seguimiento sistemático y analítico tanto del proceso de implementación del Acuerdo Final, especialmente en asuntos de reforma rural, justicia transicional y participación política, como de las agendas e iniciativas locales de paz y desarrollo que, durante décadas, comunidades y organizaciones sociales han desarrollado en el marco del conflicto armado colombiano, de la mano de las autoridades tradicionales que han ido construyendo las comunidades para la regulación de sus conflictos. ');
      INSERT INTO public.cor1440_gen_objetivopf (id, proyectofinanciero_id, numero, objetivo) VALUES (40, 21, 'O6.', 'Investigar y analizar la forma como los movimientos y organizaciones sociales, de muy diverso tipo y diferente orientación, plantean reclamos públicos, comprenden la red de conflictos sociales e injusticias que los motivan y las diferentes formas en que el Estado ha respondido o intervenido por medio de acciones de fuerza o de iniciativas de diálogo y negociación para su solución. ');


      INSERT INTO public.cor1440_gen_indicadorpf (id, proyectofinanciero_id, resultadopf_id, numero, indicador, tipoindicador_id, objetivopf_id) VALUES 
      (35, 21, NULL, 'I1', 'Organizaciones sociales de pueblos indígenas, afrodescendientes y campesinos presentan al menos 20 acciones ante organismos estatales como la Defensoría del Pueblo, Unidad de Restitución de Tierras, Unidad Nacional de Protección, Dirección de DDHH del Ministerio del Interior, Ministerio de Ambiente, Corporaciones Autónomas Regionales y el sistema judicial para la exigibilidad de sus derechos. ', 10, 35);
      INSERT INTO public.cor1440_gen_indicadorpf (id, proyectofinanciero_id, resultadopf_id, numero, indicador, tipoindicador_id, objetivopf_id) VALUES 
      (36, 21, NULL, 'I2', 'El 90% de las escuelas rurales adoptan planes de transformación educativa construyen una agenda educativa de acuerdo a sus necesidades étnicas y culturales en 3 regiones del país.', 10, 35);
      INSERT INTO public.cor1440_gen_indicadorpf (id, proyectofinanciero_id, resultadopf_id, numero, indicador, tipoindicador_id, objetivopf_id) VALUES 
      (37, 21, NULL, 'I1', 'Al menos 5 casos apoyados por CINEP/PPP y presentados por las organizaciones de víctimas de la violencia política y violencias basadas en género contribuyen en la construcción de la memoria y/o son considerados por el Sistema de Justicia Transicional, por organismos del Estado, organismos internacionales (Ej, CIDH, OCDE, ONU), en plataformas nacionales e internacionales.  ', 1, 36);
      INSERT INTO public.cor1440_gen_indicadorpf (id, proyectofinanciero_id, resultadopf_id, numero, indicador, tipoindicador_id, objetivopf_id) VALUES 
      (38, 21, NULL, 'I2', 'Al menos 30 instituciones públicas, organizaciones de la sociedad civil, organizaciones sociales, universidades nacionales, universidades extranjeras y centros de investigación emplean la información que produce el CINEP para aportar al proceso de Verdad, Justicia, Reparación y No Repetición, como por ejemplo la búsqueda de personas desaparecidas, restitución de tierras, análisis del conflicto armado y la violencia, reparación de víctimas y construcción de memoria histórica. ', 10, 36);
      INSERT INTO public.cor1440_gen_indicadorpf (id, proyectofinanciero_id, resultadopf_id, numero, indicador, tipoindicador_id, objetivopf_id) VALUES 
      (39, 21, NULL, 'I1', 'Al menos 6 iniciativas de los Planes de Acción para la Transformación Regional implementados con la participación de las comunidades campesinas, indígenas y afrodescendientes. ', 1, 37);
      INSERT INTO public.cor1440_gen_indicadorpf (id, proyectofinanciero_id, resultadopf_id, numero, indicador, tipoindicador_id, objetivopf_id) VALUES 
      (40, 21, NULL, 'I2', 'En el 60% de los municipios PDET se han implementado estrategias que cualifican el debate público (posiciona nuevas narrativas) y escenarios de diálogo y concertación multiactor (activistas, autoridades civiles y policía nacional) encaminados a brindar mayores garantías para ejercer el derecho a protestar.', 1, 37);

      INSERT INTO public.cor1440_gen_indicadorpf (id, proyectofinanciero_id, resultadopf_id, numero, indicador, tipoindicador_id, objetivopf_id) VALUES 
      (41, 21, NULL, 'I1.1', 'Dos (2) artículos publicados en revistas especializadas internacionales. ', 1, 38);
      INSERT INTO public.cor1440_gen_indicadorpf (id, proyectofinanciero_id, resultadopf_id, numero, indicador, tipoindicador_id, objetivopf_id) VALUES 
      (42, 21, NULL, 'I1.2', 'Tres (3) artículos publicado en revistas especializadas nacionales (C)', 1, 38);
      INSERT INTO public.cor1440_gen_indicadorpf (id, proyectofinanciero_id, resultadopf_id, numero, indicador, tipoindicador_id, objetivopf_id) VALUES 
      (43, 21, NULL, 'I1.3', 'Dos (2) libros y/o capítulos de libro evaluados por pares que cubren las temáticas de interés. ', 1, 38);
      INSERT INTO public.cor1440_gen_indicadorpf (id, proyectofinanciero_id, resultadopf_id, numero, indicador, tipoindicador_id, objetivopf_id) VALUES 
      (44, 21, NULL, 'I1.4', 'Seis (6) números de la revista Institucional Noche y Niebla. ', 1, 38);
      INSERT INTO public.cor1440_gen_indicadorpf (id, proyectofinanciero_id, resultadopf_id, numero, indicador, tipoindicador_id, objetivopf_id) VALUES 
      (45, 21, NULL, 'I2.1', 'Tres (3) informes sobre la situación de los Derechos Humanos en Colombia con recomendaciones para generar mayores garantías.', 1, 38);
      INSERT INTO public.cor1440_gen_indicadorpf (id, proyectofinanciero_id, resultadopf_id, numero, indicador, tipoindicador_id, objetivopf_id) VALUES 
      (46, 21, NULL, 'I2.2', 'Dos (2) análisis de riesgos de organizaciones étnico-territoriales y líderes restitución del Urabá antioqueños y chocoano. ', 1, 38);
      INSERT INTO public.cor1440_gen_indicadorpf (id, proyectofinanciero_id, resultadopf_id, numero, indicador, tipoindicador_id, objetivopf_id) VALUES 
      (47, 21, NULL, 'I2.3', 'Un (1) informe - Violaciones a los derechos humanos e infracciones al derecho internacional humanitario (1996 - 2020) en la subregión del bajo, medio y alto Atrato (Chocó). ', 1, 38);
      INSERT INTO public.cor1440_gen_indicadorpf (id, proyectofinanciero_id, resultadopf_id, numero, indicador, tipoindicador_id, objetivopf_id) VALUES 
      (48, 21, NULL, 'I2.4', 'Un (1) informe - Conflictos socio - ambientales con ocasión dal fenomeno de despojo de tierras en territorioes de OETs del Bajo Atrato.', 1, 38);
      INSERT INTO public.cor1440_gen_indicadorpf (id, proyectofinanciero_id, resultadopf_id, numero, indicador, tipoindicador_id, objetivopf_id) VALUES 
      (49, 21, NULL, 'I2.5', 'Un (1) documentos de política pública de seguimiento y recomendaciones sobre riesgos especiales de los mandos  medios ex FARC en proceso de reincorporación.', 1, 38);
      INSERT INTO public.cor1440_gen_indicadorpf (id, proyectofinanciero_id, resultadopf_id, numero, indicador, tipoindicador_id, objetivopf_id) VALUES 
      (50, 21, NULL, 'I3.1', 'Tres (3) estrategias de litigio en el marco de un proceso de Restitución de Tierras para la comunidad étnica en el Chocó por lo menos con cuatro (4) ejes ', 1, 38);
      INSERT INTO public.cor1440_gen_indicadorpf (id, proyectofinanciero_id, resultadopf_id, numero, indicador, tipoindicador_id, objetivopf_id) VALUES 
      (51, 21, NULL, 'I3.2', 'Tres (3) acciones de protección colectiva, reparación colectiva, restitución material y jurídica de la tierra. ', 1, 38);
      INSERT INTO public.cor1440_gen_indicadorpf (id, proyectofinanciero_id, resultadopf_id, numero, indicador, tipoindicador_id, objetivopf_id) VALUES 
      (52, 21, NULL, 'I3.3', 'Una (1) metodologías de diálogo diseñada, implementada y evaluada para el desarrollo de espacios inclusivos de participación para incorporar el enfoque de seguridad humana en políticas estatales específicas', 1, 38);
      INSERT INTO public.cor1440_gen_indicadorpf (id, proyectofinanciero_id, resultadopf_id, numero, indicador, tipoindicador_id, objetivopf_id) VALUES 
      (54, 21, NULL, 'I1.1', 'Un (1) artículo publicado en revistas especializada internacional. ', 1, 39);
      INSERT INTO public.cor1440_gen_indicadorpf (id, proyectofinanciero_id, resultadopf_id, numero, indicador, tipoindicador_id, objetivopf_id) VALUES 
      (55, 21, NULL, 'I1.2', 'Dos (2) artículos publicado en revistas especializadas nacionales (A, A1 B). ', 1, 39);
      INSERT INTO public.cor1440_gen_indicadorpf (id, proyectofinanciero_id, resultadopf_id, numero, indicador, tipoindicador_id, objetivopf_id) VALUES 
      (56, 21, NULL, 'I1.3', 'Dos (2) libros y/o capítulos de libro evaluados por pares que cubren las temáticas de interés. ', 1, 39);
      INSERT INTO public.cor1440_gen_indicadorpf (id, proyectofinanciero_id, resultadopf_id, numero, indicador, tipoindicador_id, objetivopf_id) VALUES 
      (57, 21, NULL, 'I2.1', 'Quince (15) sistematizaciones de experiencias locales de paz entre 2021 y 2024 con (21) organizaciones populares, (4) organizaciones sociales en los temas de Derechos Humanos, acuerdos territoriales, orientaciones sexuales y diversas, comunicación e incidencia y educación en (6) regiones de Colombia ', 1, 39);
      INSERT INTO public.cor1440_gen_indicadorpf (id, proyectofinanciero_id, resultadopf_id, numero, indicador, tipoindicador_id, objetivopf_id) VALUES 
      (58, 21, NULL, 'I2.2', 'Tres (3) documentos de política pública sobre el estado efectivo de la implementación de los puntos 1, 2 y 5 del Acuerdo de Paz. ', 1, 39);
      INSERT INTO public.cor1440_gen_indicadorpf (id, proyectofinanciero_id, resultadopf_id, numero, indicador, tipoindicador_id, objetivopf_id) VALUES 
      (59, 21, NULL, 'I2.3', 'Tres (3) cartillas de diagnóstico y oportunidades para la incorporación de temas de paz en las escuelas rurales del país. ', 1, 39);
      INSERT INTO public.cor1440_gen_indicadorpf (id, proyectofinanciero_id, resultadopf_id, numero, indicador, tipoindicador_id, objetivopf_id) VALUES 
      (60, 21, NULL, 'I2.4', 'Dos (2) sistematizaciones con las comunidades educativas. Una (1) sobre las experiencias del Chocó, sur del Tolima, Sierra Nevada de Santa Marta y La Guajira sobre los procesos educativos y organizativos propios, con perspectiva intercultural y de género. ', 1, 39);
      INSERT INTO public.cor1440_gen_indicadorpf (id, proyectofinanciero_id, resultadopf_id, numero, indicador, tipoindicador_id, objetivopf_id) VALUES 
      (62, 21, NULL, 'I3.1', 'Una (1) metodologías para el desarrollo de planes de transformación  que incorporan asuntos de paz y se implementan en contextos rurales.', 1, 39);
      INSERT INTO public.cor1440_gen_indicadorpf (id, proyectofinanciero_id, resultadopf_id, numero, indicador, tipoindicador_id, objetivopf_id) VALUES 
      (63, 21, NULL, 'I3.2', 'Un (1) procesos pedagógico de formación ciudadana dirigidos a líderes sociales  en territorios de frontera a partir de contenidos pedagógicos prácticos e innovadores sobre temas de paz y reconciliación. ', 1, 39);
      INSERT INTO public.cor1440_gen_indicadorpf (id, proyectofinanciero_id, resultadopf_id, numero, indicador, tipoindicador_id, objetivopf_id) VALUES 
      (64, 21, NULL, 'I3.3', 'Dos (2) diplomados de formación ciudadana dirigidos a líderes sociales en territorios de frontera a partir de contenidos pedagógicos prácticos e innovadores sobre temas de paz. ', 1, 39);
      INSERT INTO public.cor1440_gen_indicadorpf (id, proyectofinanciero_id, resultadopf_id, numero, indicador, tipoindicador_id, objetivopf_id) VALUES 
      (65, 21, NULL, 'I1.1', 'Tres (3) actualizaciones a la base de datos de luchas sociales.', 1, 40);
      INSERT INTO public.cor1440_gen_indicadorpf (id, proyectofinanciero_id, resultadopf_id, numero, indicador, tipoindicador_id, objetivopf_id) VALUES 
      (66, 21, NULL, 'I1.2', 'Tres (3) artículos en revistas especializadas nacionales. ', 1, 40);
      INSERT INTO public.cor1440_gen_indicadorpf (id, proyectofinanciero_id, resultadopf_id, numero, indicador, tipoindicador_id, objetivopf_id) VALUES 
      (67, 21, NULL, 'I1.3', 'Tres (3) libros y/o capítulos de libro evaluados por pares que cubren las temáticas de interés. ', 1, 40);
      INSERT INTO public.cor1440_gen_indicadorpf (id, proyectofinanciero_id, resultadopf_id, numero, indicador, tipoindicador_id, objetivopf_id) VALUES 
      (68, 21, NULL, 'I1.4', 'Seis (6) números de la revista Institucional Controversia.', 1, 40);
      INSERT INTO public.cor1440_gen_indicadorpf (id, proyectofinanciero_id, resultadopf_id, numero, indicador, tipoindicador_id, objetivopf_id) VALUES 
      (69, 21, NULL, 'I2.1', 'Dos (2) documentos de política pública con recomendaciones para garantizar el derecho a la tierra y al territorio y de derechos de las mujeres rurales. ', 1, 40);
      INSERT INTO public.cor1440_gen_indicadorpf (id, proyectofinanciero_id, resultadopf_id, numero, indicador, tipoindicador_id, objetivopf_id) VALUES 
      (70, 21, NULL, 'I2.2', 'Siete (7) documentos como cajas de herramientas de investigación local participativa por parte de indígenas, afros, pobladores urbano-populares, jóvenes, docentes, líderes y lideresas de Cartagena, Sierra Nevada y sur de La Guajira ', 1, 40);
      INSERT INTO public.cor1440_gen_indicadorpf (id, proyectofinanciero_id, resultadopf_id, numero, indicador, tipoindicador_id, objetivopf_id) VALUES 
      (71, 21, NULL, 'I3.1', 'Una (1) estrategia propias y novedosas para la transformación no violenta de conflictos sociales en Colombia. ', 1, 40);
      INSERT INTO public.cor1440_gen_indicadorpf (id, proyectofinanciero_id, resultadopf_id, numero, indicador, tipoindicador_id, objetivopf_id) VALUES 
      (72, 21, NULL, 'I3.2', 'Una (1) ruta de transformación no violenta de conflictos basada en el dialogo, la mediación y la negociación para promover narrativas despolarizadas e incidir en el debate público para el abordaje de conflictividades. ', 1, 40);


      INSERT INTO public.cor1440_gen_resultadopf (id, proyectofinanciero_id, objetivopf_id, numero, resultado) VALUES (45, 21, 35, 'R1', 'Los pueblos indígenas, afrodescendientes y campesinos de las comunidades rurales, fortalecidos en su capacidad de diálogo intercultural con otras organizaciones de la sociedad, exigen ante la institucionalidad pública la protección, respeto y goce de los derechos a la tierra, territorio, medio ambiente sano y educación rural. ');
      INSERT INTO public.cor1440_gen_resultadopf (id, proyectofinanciero_id, objetivopf_id, numero, resultado) VALUES (46, 21, 36, 'R2', 'Víctimas de violencias basadas en género y de otras violaciones de DDHH contribuyen a la construcción y salvaguarda de memoria y la garantía de sus derechos para la  superación de la impunidad. ''');
      INSERT INTO public.cor1440_gen_resultadopf (id, proyectofinanciero_id, objetivopf_id, numero, resultado) VALUES (47, 21, 37, 'R3', 'Organizaciones sociales, el sector privado y la institucionalidad estatal interactúan para la implementación de disposiciones del Acuerdo de Paz (acceso a la tierra, promoción de la agricultura campesina familiar y comunitaria y garantía de la seguridad humana y derechos sociales). ');
      INSERT INTO public.cor1440_gen_resultadopf (id, proyectofinanciero_id, objetivopf_id, numero, resultado) VALUES (48, 21, 38, 'R4', 'Investigar, analizar y evaluar las dinámicas de cambio y continuidad de la violencia política/criminal y de los patrones observados en las violaciones a los derechos humanos, que evidencian la persistencia de las tendencias de privatización de la violencia, a pesar de los acuerdos de desmovilización que ha experimentado Colombia.');
      INSERT INTO public.cor1440_gen_resultadopf (id, proyectofinanciero_id, objetivopf_id, numero, resultado) VALUES (49, 21, 39, 'R5', 'Investigar, evaluar y realizar un seguimiento sistemático y analítico tanto del proceso de implementación del Acuerdo Final, especialmente en asuntos de reforma rural, justicia transicional y participación política, como de las agendas e iniciativas locales de paz y desarrollo que, durante décadas, comunidades y organizaciones sociales han desarrollado en el marco del conflicto armado colombiano, de la mano de las autoridades tradicionales que han ido construyendo las comunidades para la regulación de sus conflictos.');
      INSERT INTO public.cor1440_gen_resultadopf (id, proyectofinanciero_id, objetivopf_id, numero, resultado) VALUES (50, 21, 40, 'R6', 'Investigar y analizar la forma como los movimientos y organizaciones sociales, de muy diverso tipo y diferente orientación, plantean reclamos públicos, comprenden la red de conflictos sociales e injusticias que los motivan y las diferentes formas en que el Estado ha respondido o intervenido por medio de acciones de fuerza o de iniciativas de diálogo y negociación para su solución. ');

      INSERT INTO public.cor1440_gen_actividadpf (id, proyectofinanciero_id, nombrecorto, titulo, descripcion, resultadopf_id, actividadtipo_id, formulario_id, heredade_id) VALUES (10, 21, 'A1', 'Caso apoyado por el CINEP/PPP que contribuye en la construcción de memoría y/o es considerado por el SJT, organismos del Estado u organismos internacionales.', 'Caso apoyado por CINEP/PPP y presentados por las organizaciones de víctimas de la violencia política y violencias basadas en género contribuyen en la construcción de la memoria y/o son considerados por el Sistema de Justicia Transicional, por organismos del Estado, organismos internacionales (Ej, CIDH, OCDE, ONU), en plataformas nacionales e internacionales.  ', 46, NULL, NULL, NULL);
      INSERT INTO public.cor1440_gen_actividadpf (id, proyectofinanciero_id, nombrecorto, titulo, descripcion, resultadopf_id, actividadtipo_id, formulario_id, heredade_id) VALUES (11, 21, 'A3.1', 'Iniciativa de los Planes de Acción para la Transformación Regional implementada', 'Iniciativas de los Planes de Acción para la Transformación Regional implementados con la participación de las comunidades campesinas, indígenas y afrodescendientes. ', 47, NULL, NULL, NULL);
      INSERT INTO public.cor1440_gen_actividadpf (id, proyectofinanciero_id, nombrecorto, titulo, descripcion, resultadopf_id, actividadtipo_id, formulario_id, heredade_id) VALUES (12, 21, 'A3.2', 'Estrategia en municipio PDET para brindar garantías para protestar.', 'En municipios PDET se ha implementado estrategia que cualifican el debate público (posiciona nuevas narrativas) y escenarios de diálogo y concertación multiactor (activistas, autoridades civiles y policía nacional) encaminados a brindar mayores garantías para ejercer el derecho a protestar.', 47, NULL, NULL, NULL);
      INSERT INTO public.cor1440_gen_actividadpf (id, proyectofinanciero_id, nombrecorto, titulo, descripcion, resultadopf_id, actividadtipo_id, formulario_id, heredade_id) VALUES (13, 21, 'A4', 'Producto de investigación sobre violencia y derechos humanos', '', 48, NULL, NULL, NULL);
      INSERT INTO public.cor1440_gen_actividadpf (id, proyectofinanciero_id, nombrecorto, titulo, descripcion, resultadopf_id, actividadtipo_id, formulario_id, heredade_id) VALUES (14, 21, 'A5', 'Producto de investigación sobre paz y educación', '', 49, NULL, NULL, NULL);
      INSERT INTO public.cor1440_gen_actividadpf (id, proyectofinanciero_id, nombrecorto, titulo, descripcion, resultadopf_id, actividadtipo_id, formulario_id, heredade_id) VALUES (15, 21, 'A6', 'Producto de investigación sobre movimientos y organizaciones sociales', '', 50, NULL, NULL, NULL);

      INSERT INTO public.grupo_proyectofinanciero 
        (grupo_id, proyectofinanciero_id) 
        (SELECT grupo_id, 21 FROM public.grupo_proyectofinanciero as sg JOIN
          public.sip_grupo as g ON sg.grupo_id=g.id
          WHERE sg.grupo_id=18 AND
          g.fechadeshabilitacion IS NULL);

      INSERT INTO public.grupo_proyectofinanciero 
        (grupo_id, proyectofinanciero_id) 
        (SELECT n, 21 FROM generate_series(60, 75, 1) gsn(n))
      ;
